0.057230342	0.10573795	-0.104673974	0.045434985	-0.016150866	-0.10097146	-0.24624576	-0.029228833
0.20486115	0.28105637	-0.27515116	0.1635009	0.16690423	-0.21271901	-0.4095478	0.20518664
-1.2437055	-1.2290225	1.2062968	-1.1947926	-1.1138256	1.2950132	1.3696603	-1.1588886
-1.3431312	-1.2915885	1.3416135	-1.2667505	-1.2080956	1.3542141	1.490838	-1.212923
0.44519666	0.516544	-0.47999796	0.42745066	0.42332125	-0.51654327	-0.61295193	0.37912247
-1.0731454	-1.0397744	1.1456954	-1.0050597	-1.0282688	1.1402812	1.228055	-1.0359664
-0.6370312	-0.65741926	0.59752965	-0.57909495	-0.613953	0.64108515	0.72898316	-0.66339374
-1.2182827	-1.0973078	1.1945693	-1.070437	-1.0280882	1.1842124	1.3423917	-1.0495168
-0.5588078	-0.4573183	0.5091271	-0.49000505	-0.50410897	0.46373084	0.5232257	-0.4441382
-0.77289236	-0.6956656	0.70239115	-0.73026216	-0.67791086	0.74065375	0.769588	-0.73889726
0.14943618	0.18925521	-0.20675343	0.18954058	0.12952627	-0.16205132	-0.20025593	0.16244687
-1.0299255	-0.9221259	0.9765785	-0.87873125	-0.84037	1.0030676	0.9919012	-0.8616392
-0.20114279	-0.15310019	0.1514085	-0.22059429	-0.21347676	0.20780888	0.14980146	-0.19309011
-1.0555174	-0.8876181	0.94535863	-0.96148276	-0.95189667	1.0285006	1.0529333	-0.9507204
0.06473895	0.101271495	-0.0139704	0.023746248	0.0426263	-0.023567652	-0.11555303	-0.03947978
-0.5588859	-0.52723795	0.57307404	-0.5079805	-0.510679	0.5687324	0.58022237	-0.52571225
-0.9758416	-0.8840714	0.9096773	-0.8627853	-0.8538832	0.96738607	1.098912	-0.8999831
-1.1061112	-1.0710254	1.1501911	-0.9884028	-1.0062698	1.0883456	1.2682862	-0.9553593
-0.41302693	-0.31324393	0.34367892	-0.37753022	-0.4417744	0.38445634	0.35660636	-0.3856241
-0.4224632	-0.34557956	0.42056683	-0.43000874	-0.3574814	0.36276555	0.37699085	-0.4121032
-0.252382	-0.2557802	0.26907215	-0.24498399	-0.26923868	0.27260205	0.21402438	-0.26260442
-0.10324879	0.006588229	0.055574607	-0.10306999	-0.09013129	0.06455353	-0.0011062124	-0.13308218
-0.65095174	-0.6452371	0.5844912	-0.54569304	-0.5687344	0.6602257	0.6166753	-0.60119814
-1.1870093	-1.1368778	1.1426772	-0.99156475	-0.97899383	1.168857	1.3332456	-1.0459079
-0.8907354	-0.8399574	0.9230986	-0.8312559	-0.85512525	0.88846755	0.9863754	-0.8224542
-0.38537347	-0.3274581	0.4003823	-0.3416673	-0.41165602	0.3839458	0.42726174	-0.40464133
-0.4307516	-0.41362962	0.3901756	-0.42014349	-0.38550907	0.46204492	0.41236046	-0.4273272
-0.53258276	-0.49769464	0.47645178	-0.42138553	-0.50776374	0.53215086	0.52328396	-0.4635603
-0.5703048	-0.46484923	0.42541888	-0.48355436	-0.5109932	0.457472	0.48783627	-0.4819235
-1.1007165	-1.0044786	0.99430186	-0.9362569	-0.93264246	1.0567595	1.2594053	-0.90696466
-0.9647385	-0.8405656	0.8021408	-0.84243643	-0.8122268	0.83153605	0.9336732	-0.84121
-1.0874996	-1.0214019	1.0078381	-0.9162583	-0.9754541	1.0611738	1.1325111	-0.9356673
-0.9857521	-0.9721063	1.0138221	-0.89444345	-0.9120111	1.07307	1.2370592	-0.96046805
-0.4041977	-0.4107068	0.39227882	-0.41065404	-0.4194335	0.42253458	0.38535565	-0.36745685
-0.67767954	-0.59974086	0.63853836	-0.66231626	-0.62885493	0.64437264	0.63189423	-0.59523314
-0.78986907	-0.6832358	0.70712423	-0.6488063	-0.6619404	0.7379616	0.7453316	-0.7388922
-0.4499122	-0.42036185	0.4157664	-0.36813587	-0.44554397	0.4115413	0.4108317	-0.39860386
-1.0103515	-0.9267193	0.9110379	-0.81244653	-0.8598804	0.9262666	1.1207827	-0.90630865
-0.18340717	-0.18468219	0.23949781	-0.24743551	-0.2626861	0.17505474	0.18189001	-0.24674328
-0.40917885	-0.48373038	0.40913048	-0.4083753	-0.38938874	0.42346436	0.48727527	-0.39283037
-0.7751654	-0.75130886	0.84445417	-0.6673871	-0.6781867	0.8077835	0.86569047	-0.6860618
0.07504764	0.13550414	-0.06376759	0.01954965	0.05987375	-0.06026148	-0.13961647	0.041816887
-0.62820387	-0.56243825	0.5315386	-0.61865526	-0.54824954	0.6048311	0.6532589	-0.5563493
-0.93271875	-0.81476414	0.9370066	-0.877176	-0.82137406	0.94545	1.0211093	-0.8812848
-0.82178295	-0.80437034	0.86848456	-0.79580486	-0.77021337	0.85935056	0.9112241	-0.7686836
-0.4014285	-0.44694096	0.38345018	-0.39588213	-0.45143577	0.40485865	0.42090404	-0.42717534
-0.385295	-0.32863468	0.29348916	-0.2893274	-0.34779248	0.33586264	0.32153514	-0.34115672
-0.7430901	-0.62457174	0.72238475	-0.60661834	-0.63830906	0.665624	0.76419604	-0.6425106
-0.43670166	-0.38562444	0.35595974	-0.436588	-0.40582612	0.45844606	0.3746174	-0.45697284
-0.71927154	-0.6826594	0.59901625	-0.57545817	-0.61296856	0.6555824	0.71294296	-0.5667877
-0.2770087	-0.30186963	0.2916052	-0.25479406	-0.21112762	0.29966882	0.25353697	-0.26562804
-0.24724932	-0.29430243	0.2638372	-0.24237531	-0.2104666	0.30836165	0.25501266	-0.28212872
-0.8822174	-0.7785674	0.8865084	-0.7990284	-0.7842739	0.80927527	0.8556181	-0.7078806
-0.8344556	-0.7543588	0.7799258	-0.7867827	-0.7906334	0.89627254	0.90276295	-0.833264
-0.18457855	-0.15146482	0.19333357	-0.18683529	-0.16189545	0.18786082	0.24700628	-0.16815326
-0.29353464	-0.25325078	0.28458935	-0.2832776	-0.281523	0.26787362	0.26325068	-0.33133057
-1.1062583	-1.0240015	1.0214976	-0.8904021	-0.92951363	1.1102376	1.1927356	-0.9317055
0.953092	1.0202119	-0.94337434	0.8427764	0.88230354	-0.94876206	-1.0299034	0.9275175
-0.48909533	-0.5169711	0.45800614	-0.49836895	-0.4969771	0.542556	0.5220053	-0.46073055
-0.099839434	-0.14644326	0.14035526	-0.15161358	-0.14940943	0.08547299	0.12487415	-0.12214023
-0.47611603	-0.43617895	0.48353532	-0.4729531	-0.43728563	0.47609526	0.44683105	-0.46731532
-0.7458932	-0.7115452	0.7320105	-0.67882156	-0.68039566	0.7933579	0.8322091	-0.71475524
0.1535748	0.20174247	-0.24280252	0.23017725	0.1738238	-0.19456686	-0.24113297	0.1525341
-0.13026273	-0.14835228	0.1537139	-0.1784734	-0.10562792	0.115295745	0.10469615	-0.08964373
-0.84775907	-0.8085282	0.83233625	-0.78008807	-0.76004404	0.9076139	0.9513697	-0.80160505
-0.68761677	-0.723705	0.6613915	-0.6286904	-0.62472165	0.7392902	0.8472289	-0.61296004
-0.86926425	-0.71473664	0.7621753	-0.74773717	-0.8136991	0.81045026	0.88513815	-0.82760924
-0.9080092	-0.8832112	0.86303544	-0.7600082	-0.74450827	0.91503066	1.0838741	-0.85980946
-0.6353069	-0.5710694	0.64650077	-0.58557016	-0.6280676	0.577765	0.6125156	-0.60217464
-0.819739	-0.8018214	0.8135706	-0.77521956	-0.7571865	0.8401923	0.94400847	-0.77071893
-0.15203558	-0.1401223	0.18792355	-0.21050192	-0.19028021	0.20194016	0.11062782	-0.22267485
-0.91019785	-0.9115037	0.9270443	-0.7830338	-0.7773922	0.97082675	1.0768782	-0.88762844
-0.75387484	-0.7158117	0.7649748	-0.6678305	-0.62199914	0.74955547	0.8746183	-0.7505848
-0.71367586	-0.6825756	0.7462502	-0.643604	-0.64567447	0.7014874	0.8871767	-0.70207053
-0.27699324	-0.25735408	0.25441852	-0.30514485	-0.2869981	0.30429786	0.31788263	-0.31552222
-0.2291684	-0.21357118	0.19791345	-0.13093074	-0.14389303	0.14704108	0.1718351	-0.16298312
-0.53576404	-0.49383926	0.4551243	-0.48808327	-0.48702613	0.48238274	0.53255445	-0.55144304
-0.14144288	-0.038319204	0.05023033	-0.13028637	-0.08618328	0.07733797	0.034110565	-0.07791029
-0.40592223	-0.37906083	0.37976566	-0.4178639	-0.37386906	0.44050166	0.45209917	-0.34905097
-0.15308423	-0.122784875	0.16729131	-0.20261371	-0.115709744	0.1286445	0.14701414	-0.12204952
-0.75793004	-0.75792176	0.82039076	-0.6751595	-0.7310025	0.77147996	0.9367875	-0.71976084
-0.0012038564	0.07966951	-0.065858	-0.021675631	0.037664983	0.021343853	-0.039950524	0.03726909
-0.83573663	-0.80013365	0.7926955	-0.764803	-0.72035706	0.80741084	1.0232749	-0.7629841
-0.4486576	-0.3913215	0.4643457	-0.47782135	-0.3700926	0.42219085	0.46632847	-0.46758637
-0.57456607	-0.59788305	0.5739593	-0.5135923	-0.5514115	0.6134005	0.623195	-0.5266615
-0.13375704	-0.12214094	0.16909447	-0.09474873	-0.14846279	0.18171914	0.13877557	-0.109670274
-0.07528138	-0.05031056	0.06703885	-0.09862646	-0.07685965	0.06554594	0.09892536	-0.11886147
-0.23592557	-0.21710154	0.22874093	-0.15918466	-0.14664908	0.24906045	0.20346679	-0.15827264
-0.6596162	-0.55891156	0.6041643	-0.55702204	-0.6369143	0.6664936	0.6938845	-0.5421682
-0.4255746	-0.31815293	0.34669134	-0.3312121	-0.37546545	0.40407678	0.3521157	-0.34355327
-0.88673437	-0.83195114	0.8737089	-0.76076263	-0.78792274	0.87626183	1.0010583	-0.8103197
-0.13111132	-0.104428254	0.054472335	-0.07376649	-0.1352778	0.090676844	0.05091841	-0.13038106
-0.87955266	-0.89104295	0.8784075	-0.7440526	-0.71600306	0.90985835	1.118294	-0.8508979
-0.91630316	-0.8426715	0.81375456	-0.8337777	-0.75920165	0.8563445	1.0491529	-0.82804054
0.07326806	0.106081136	-0.059554104	0.008440461	0.07125394	-0.11034763	-0.11847175	0.08677862
-0.82672465	-0.8129283	0.8327683	-0.72907233	-0.705575	0.85982776	1.055401	-0.7691764
-0.37731197	-0.31694698	0.36573157	-0.26168835	-0.3436664	0.31681442	0.32096222	-0.31662422
-0.46857458	-0.3524067	0.4597437	-0.49541038	-0.47915936	0.43184587	0.43985724	-0.47052783
-0.17762752	-0.14089982	0.1952313	-0.14446741	-0.15818752	0.15582773	0.21846889	-0.2087039
-0.4313471	-0.45624822	0.38939315	-0.42207897	-0.44311392	0.3897815	0.5063013	-0.39346787
-0.34380415	-0.3486925	0.2819311	-0.3179561	-0.32661852	0.34614542	0.31394076	-0.3481628
-0.88243276	-0.7991207	0.83616245	-0.699023	-0.71299607	0.83511686	0.958392	-0.80114776
-0.5842601	-0.5686516	0.55325186	-0.5048439	-0.4817451	0.6035182	0.60500896	-0.54337585
-0.038983118	-0.05957112	0.073486745	-0.08980616	-0.09812554	0.082224004	0.05453016	-0.018474985
0.7856819	0.8225883	-0.8429413	0.6770265	0.7048996	-0.78171057	-0.91088605	0.75831556
-0.16942467	-0.101894125	0.20850447	-0.13238668	-0.14105476	0.1384276	0.14270262	-0.1506131
-0.13394752	-0.14297487	0.14872132	-0.08286219	-0.12761062	0.14684309	0.1210769	-0.09640405
0.20063107	0.30817804	-0.26343337	0.20868087	0.23280127	-0.26450023	-0.33913934	0.2264771
0.09472081	0.17865539	-0.13566987	0.15876381	0.13671741	-0.08482971	-0.16145508	0.083338544
-0.60566473	-0.64670986	0.61744195	-0.56695354	-0.58415675	0.6620563	0.7899157	-0.5716028
-0.86867136	-0.8019307	0.81656486	-0.7410503	-0.77320045	0.87871736	0.9720472	-0.7269404
-0.22487672	-0.22893405	0.23504001	-0.17313273	-0.2424242	0.18949099	0.21295522	-0.21451789
-0.048724752	-0.05630984	0.1226099	-0.039090548	-0.10498174	0.106742576	0.1148989	-0.05888584
-0.8127294	-0.8459217	0.7440369	-0.73585695	-0.71557367	0.83208996	0.92374206	-0.7788623
-0.12399396	-0.07524976	0.105611086	-0.12162076	-0.10670076	0.12727585	0.13446629	-0.12702876
-0.28920692	-0.25201744	0.30673045	-0.29268745	-0.30727378	0.2791547	0.34555745	-0.30052057
-0.5483716	-0.46219772	0.50658065	-0.4344254	-0.48694533	0.53173494	0.5997617	-0.46671295
-0.25177982	-0.17795013	0.22879373	-0.16059026	-0.22062446	0.15939657	0.24166748	-0.18490608
0.058335606	0.12331031	-0.14518405	0.06636156	0.12702644	-0.10805385	-0.16654187	0.11269313
-0.36513132	-0.33795178	0.35328984	-0.40019184	-0.35153735	0.39547673	0.3628895	-0.38474968
0.15808755	0.25109315	-0.18606094	0.21228878	0.19808899	-0.20314398	-0.29743093	0.15615821
-0.66736716	-0.5581421	0.56663287	-0.53860676	-0.5533167	0.5980186	0.7295991	-0.5700288
-0.79241824	-0.7598991	0.756535	-0.66834235	-0.70189047	0.73016906	0.85457426	-0.7223326
-0.059364337	-0.04349787	0.050606403	-0.05665706	-0.0329218	0.08410983	0.093790144	-0.03763765
0.92012936	1.0127734	-0.9329657	0.848721	0.7939229	-0.9299168	-1.0892937	0.8465948
-0.42040214	-0.4555136	0.4737045	-0.38301644	-0.4339711	0.42946762	0.41571876	-0.36996895
-0.8275706	-0.75964856	0.7444265	-0.689724	-0.7086686	0.80772287	0.9236873	-0.7206875
0.38770735	0.3986457	-0.41179293	0.3143347	0.30997533	-0.383441	-0.48128358	0.34141615
-0.10499685	-0.15369917	0.15196769	-0.16647595	-0.12730683	0.106542945	0.18970783	-0.12763774
-0.05580971	-0.03996422	0.056889355	-0.028692167	-0.06321564	0.026063267	-0.030658819	-0.017472574
-0.4966862	-0.46442124	0.43627423	-0.50010633	-0.45113578	0.45761955	0.5706253	-0.42314196
-0.40294334	-0.4220373	0.43402094	-0.3915782	-0.38009834	0.4340024	0.38864148	-0.39665958
-0.3816095	-0.28017744	0.34831774	-0.3399923	-0.35560104	0.31328285	0.31271458	-0.34223184
-0.243182	-0.23959427	0.22384174	-0.29856905	-0.22093478	0.30035013	0.2956289	-0.24754807
-0.09336155	-0.098056816	0.142762	-0.051286574	-0.11732234	0.090036415	0.049825322	-0.10714314
0.0017283141	0.0561175	-0.10073383	0.045186695	0.07639137	-0.066671915	-0.09146637	0.0031585158
-0.3353666	-0.32173952	0.30714846	-0.30620185	-0.2873872	0.33617175	0.34944165	-0.24578108
-0.40456533	-0.3508181	0.30777398	-0.30308843	-0.31344604	0.33868974	0.41056493	-0.36051992
-0.666468	-0.6991048	0.6200809	-0.55309033	-0.5416432	0.6619499	0.72675043	-0.65483314
-0.6113716	-0.6125989	0.5298094	-0.48031083	-0.5075452	0.58128566	0.67534864	-0.5515504
-0.78262454	-0.7109619	0.7780546	-0.7343665	-0.6253779	0.69884634	0.8399117	-0.7146062
-0.5785059	-0.5803302	0.54942775	-0.5484252	-0.4795744	0.5813391	0.6926951	-0.54976916
0.5427043	0.5831486	-0.6266195	0.5114729	0.53908604	-0.58551633	-0.6651939	0.5458253
-0.61276644	-0.5934635	0.61084324	-0.49013093	-0.517815	0.54549927	0.76438445	-0.5178369
-0.75265217	-0.681923	0.68593186	-0.67239636	-0.6270793	0.709678	0.79278433	-0.60206336
-0.43918127	-0.40791106	0.46274447	-0.4729145	-0.3973267	0.4095517	0.50070447	-0.39689273
-0.7983973	-0.7871155	0.8251949	-0.6891972	-0.65105414	0.8183175	0.9366475	-0.6971534
-0.17348315	-0.14737928	0.14852445	-0.1609392	-0.1042921	0.107887685	0.12318398	-0.08685609
-0.7884845	-0.8628623	0.7826921	-0.7630853	-0.72102445	0.8505825	1.070362	-0.72312176
0.19546054	0.21791135	-0.14803232	0.15409425	0.109448835	-0.20519872	-0.22855729	0.11071842
-0.28198335	-0.2524063	0.22477838	-0.16481511	-0.16719806	0.17613953	0.2056496	-0.25136858
-0.065058365	-0.095306315	0.082490034	-0.12834527	-0.10331295	0.07207244	0.022703914	-0.12356292
-0.40952528	-0.41884542	0.46580642	-0.3808	-0.42447525	0.437386	0.4958586	-0.38524395
-0.7646994	-0.7124401	0.7202225	-0.6229925	-0.6246854	0.7216668	0.86742854	-0.62486345
0.054531436	0.037553295	-0.07100991	-0.00054236414	0.0056215506	-0.03832294	-0.04347067	0.036427654
-0.6070454	-0.5823743	0.5845853	-0.4634992	-0.47934425	0.631633	0.60985124	-0.54477704
-0.21231265	-0.19375175	0.22740318	-0.23295031	-0.24826007	0.18177988	0.21811494	-0.22763538
-0.056032084	-0.10796603	0.107823454	-0.06707374	-0.110280626	0.07950554	0.012243784	-0.066536926
-0.18321326	-0.22044614	0.1543192	-0.1594553	-0.2304759	0.16046599	0.21424435	-0.18984629
-0.24284719	-0.12335974	0.20636384	-0.20095484	-0.18754598	0.19859435	0.19926266	-0.18131106
-0.7077753	-0.70783395	0.73998564	-0.60008657	-0.58563775	0.68345916	0.82851255	-0.63380975
-0.6807439	-0.65106386	0.7499773	-0.6192093	-0.57644564	0.7428892	0.83048856	-0.6692124
-0.34927344	-0.4045246	0.3843002	-0.3679002	-0.34365767	0.3572347	0.51022184	-0.31803954
-0.182279	-0.1327296	0.11575773	-0.16915001	-0.12757637	0.14471942	0.19306803	-0.16364586
-0.0614727	-0.024349447	0.06330843	-0.07334019	-0.08733049	0.021316234	-0.013827453	-0.081855744
-0.7601329	-0.85288334	0.7819388	-0.6864831	-0.6953769	0.87073106	0.98098505	-0.6621669
-0.30125844	-0.22857678	0.2577104	-0.27245125	-0.31213874	0.2538078	0.26947048	-0.27019942
-0.0019414758	-0.033509824	-0.053309537	0.0067786165	0.06289252	0.011916414	-0.008287883	0.037527844
-0.039900642	-0.06838543	0.0913209	-0.055826597	-0.04701155	0.10230752	0.020741668	-0.04532507
0.1164624	0.15322486	-0.17690474	0.07982112	0.11331243	-0.19632909	-0.15760952	0.14235064
-0.45332134	-0.41666973	0.39955872	-0.37492046	-0.38818106	0.43027094	0.37596297	-0.4026987
-0.512734	-0.49267614	0.47557047	-0.4226009	-0.37209108	0.50070304	0.46282127	-0.39721334
-0.28842288	-0.33101675	0.24363364	-0.27150512	-0.21544427	0.27527717	0.3603451	-0.3240419
-0.56777525	-0.53562033	0.5900437	-0.5176763	-0.47258025	0.59622556	0.7044973	-0.44540033
-0.5791499	-0.4976583	0.50454634	-0.4447283	-0.46399945	0.56137186	0.6764576	-0.47857347
-0.2725117	-0.21519741	0.26903746	-0.29361537	-0.21913673	0.31860834	0.28924823	-0.23187947
0.788179	0.8249121	-0.787141	0.74246216	0.69022477	-0.752738	-0.91230655	0.71288204
-0.43052807	-0.3398101	0.33566445	-0.31945416	-0.29834837	0.43029907	0.44469222	-0.32103738
-0.44847366	-0.46159023	0.46027225	-0.39854848	-0.36403355	0.40473482	0.5319539	-0.44302654
-0.040959343	0.010620745	-0.027325545	0.020913066	-0.014140836	-0.027123006	0.0039926725	-0.028913055
-0.719629	-0.75435793	0.6668298	-0.6294857	-0.63297296	0.78147453	0.8719797	-0.6460705
0.22787383	0.24155267	-0.17641221	0.16508867	0.19878784	-0.18339124	-0.28819245	0.18314141
-0.1538138	-0.11289	0.06553171	-0.11791676	-0.15141697	0.10581778	0.08009558	-0.10412837
-0.553157	-0.47970316	0.49288234	-0.47395837	-0.44067585	0.49722558	0.5730734	-0.5225304
-0.3277867	-0.2844344	0.28907454	-0.27880558	-0.28274015	0.3469668	0.36360326	-0.28944954
-0.41018826	-0.2912752	0.29324803	-0.34515023	-0.38801134	0.34277263	0.342664	-0.28649706
-0.61254996	-0.6446875	0.63272524	-0.5550059	-0.54261446	0.65457714	0.8205701	-0.5612214
-0.6750779	-0.5980238	0.577381	-0.62674457	-0.53871316	0.590523	0.7259453	-0.5521202
-0.3663439	-0.37755063	0.338063	-0.2887701	-0.30615887	0.33797258	0.32216364	-0.35318348
-0.24962184	-0.28251106	0.27852494	-0.30107495	-0.25013587	0.31586123	0.3164363	-0.30685526
0.3732511	0.3928852	-0.44182652	0.33208692	0.36842403	-0.43287548	-0.42712328	0.31084043
0.5831194	0.5901514	-0.6284191	0.4937567	0.5446576	-0.5663724	-0.62162757	0.57509154
-0.44952273	-0.43837038	0.46872818	-0.42357755	-0.39823353	0.5190698	0.54573643	-0.41564313
-0.5922623	-0.55444163	0.586429	-0.5337019	-0.53315705	0.64455277	0.704899	-0.5890008
-0.49175245	-0.4787536	0.5012999	-0.45133	-0.4367035	0.54915476	0.58121616	-0.49616054
-0.30687222	-0.3709248	0.3308504	-0.3286354	-0.32708776	0.3240328	0.39185718	-0.3353303
-0.045316204	-0.087548636	0.028917022	-0.12199701	-0.1002602	0.10121675	0.090218686	-0.123721085
-0.24492085	-0.22530863	0.21484956	-0.20324528	-0.17757758	0.17411032	0.2860776	-0.20726964
-0.36002174	-0.26139882	0.32906622	-0.27252495	-0.3089473	0.30073923	0.345145	-0.28240508
-0.17913952	-0.14343837	0.15759072	-0.18892506	-0.09863156	0.17348816	0.13187431	-0.13554648
-0.44305393	-0.41226906	0.42156857	-0.381645	-0.37702432	0.48857412	0.47302017	-0.39032122
-0.46898687	-0.5135809	0.49830195	-0.47880867	-0.45626378	0.44680184	0.59969515	-0.4233739
-0.42407244	-0.45026684	0.44917926	-0.43403032	-0.42734605	0.48184934	0.5115641	-0.37745938
-0.11969871	-0.02065507	0.043414876	-0.078291595	-0.077356786	0.053954504	0.030998733	-0.07731551
-0.29539004	-0.3094368	0.36649027	-0.2893614	-0.31002778	0.31141794	0.35921562	-0.26623473
-0.6697966	-0.5557511	0.7122156	-0.5627847	-0.5924626	0.6292933	0.66873556	-0.5461586
-0.25939393	-0.28006917	0.2170551	-0.19915132	-0.24212794	0.22625671	0.27919897	-0.22349903
-0.22779253	-0.209817	0.24792834	-0.17590839	-0.18887831	0.25558403	0.21407875	-0.16346258
-0.35884503	-0.30936092	0.35915786	-0.24924608	-0.22533669	0.32424924	0.39871275	-0.27123192
0.8443929	0.7964194	-0.8348791	0.74661064	0.7329362	-0.8302049	-0.9154211	0.73144734
-0.5505363	-0.5882737	0.5079706	-0.5652783	-0.5312463	0.5603283	0.65807533	-0.50299686
-0.037782554	0.0070415162	0.038743377	-0.020673586	-0.03335768	0.08472888	-0.029121779	-0.023220329
-0.17265816	-0.17819221	0.1232962	-0.16609445	-0.12726398	0.16194072	0.20501088	-0.10349626
-0.71863955	-0.71183467	0.7034239	-0.57645816	-0.62656987	0.6833024	0.7716045	-0.6540587
-0.40462798	-0.38905337	0.3997532	-0.31836808	-0.32423607	0.3540691	0.41728166	-0.3732112
-0.11743117	-0.13991138	0.13236615	-0.13745703	-0.1155204	0.1510689	0.08894381	-0.11238947
-0.40262794	-0.42942947	0.45043856	-0.36164793	-0.39563623	0.43461913	0.5774212	-0.43192434
-0.5838706	-0.6395971	0.6119097	-0.54574007	-0.5350673	0.58649945	0.69593894	-0.6008061
-0.46714824	-0.5214245	0.50442475	-0.45667917	-0.37506545	0.49425164	0.57933366	-0.41396943
0.03483548	0.031544827	-0.07946368	0.026636524	0.08851505	-0.082794756	-0.03527951	0.04558868
-0.29609898	-0.28230956	0.22529477	-0.2321165	-0.25450394	0.2958934	0.30498368	-0.21326067
-0.031090925	-0.08409153	0.076750115	-0.028744603	-0.086959355	0.014705381	0.029129382	-0.10569061
0.021413721	0.00017295725	-0.009923139	0.06594587	0.033559687	-0.04821727	-0.09832684	0.06896462
-0.046305053	0.03679447	0.017551005	-0.011778767	-0.013613868	0.05217993	-0.017445942	-0.07668333
-0.603474	-0.6103523	0.59146446	-0.5104881	-0.53448653	0.6150835	0.6741983	-0.5291046
0.28073606	0.28195906	-0.2263057	0.21545437	0.23212804	-0.2736195	-0.27479294	0.25627694
-0.2056856	-0.10106196	0.15585859	-0.10369137	-0.09924457	0.14199024	0.0935759	-0.13490167
-0.32165763	-0.26026767	0.30442962	-0.26663578	-0.29415926	0.2795411	0.31696752	-0.22100429
-0.37618935	-0.31148544	0.2798079	-0.26867387	-0.24796489	0.36202577	0.38980573	-0.32848787
-0.640013	-0.65578157	0.6921983	-0.5851494	-0.56765443	0.6726999	0.8198436	-0.5991711
-0.46344486	-0.45251194	0.41657263	-0.34215996	-0.37198842	0.38402963	0.47570685	-0.3785914
-0.22514236	-0.24943908	0.25783655	-0.22409582	-0.2614949	0.2578413	0.2912739	-0.255428
-0.24647236	-0.16516513	0.1890243	-0.18294947	-0.23211487	0.20984812	0.2526287	-0.1575417
-0.7407709	-0.7321684	0.7694329	-0.68644375	-0.63624406	0.7336454	0.8850077	-0.644676
-0.042836454	-0.010654915	0.04816511	-0.08843225	-0.0114504285	0.08938548	0.078411445	-0.059772734
-0.4649438	-0.47847804	0.44097915	-0.4213585	-0.327463	0.46268198	0.5772791	-0.38328823
-0.5561751	-0.5936969	0.571485	-0.54105014	-0.5709616	0.55945766	0.7407442	-0.50910497
0.7535391	0.8839044	-0.86819524	0.72994626	0.68235785	-0.8270774	-0.9354711	0.7245457
-0.39628258	-0.39698476	0.39062187	-0.36679846	-0.35011464	0.3681303	0.44315088	-0.35872924
-0.09605207	-0.11780551	0.064496525	-0.12004699	-0.064730614	0.10938671	0.076765805	-0.11851457
-0.08833766	-0.04887407	0.10171947	-0.05895316	-0.06887325	0.06732079	0.07467236	-0.036593016
0.06892204	0.12199096	-0.1384044	0.036468577	0.09396365	-0.114068285	-0.14292948	0.037339862
-0.47943127	-0.40612286	0.4183933	-0.41007695	-0.36082354	0.46772832	0.5095247	-0.39488262
-0.07875597	-0.1316537	0.108222425	-0.08415779	-0.068824574	0.119043395	0.07696651	-0.046338994
-0.2444833	-0.25845966	0.22016855	-0.2770977	-0.27296546	0.29529312	0.23422435	-0.21268332
-0.5882772	-0.49888667	0.6190035	-0.533496	-0.56906426	0.561959	0.6571155	-0.5266826
-0.5119449	-0.4622136	0.4548781	-0.4145151	-0.4657548	0.43792138	0.56229234	-0.47885227
-0.28832775	-0.24323876	0.26007223	-0.26085705	-0.23684666	0.27477923	0.2445312	-0.278043
-0.052125428	-0.0039637857	0.06721641	-0.07585869	-0.093469895	0.044912018	0.057700202	-0.11636167
-0.14337194	-0.14707297	0.18071611	-0.17349811	-0.16832106	0.10299424	0.18316528	-0.19715104
-0.26344687	-0.31154555	0.25362694	-0.26138794	-0.25863332	0.2919318	0.27392244	-0.25909993
-0.4889495	-0.46195996	0.47744244	-0.43687314	-0.37216234	0.41500643	0.54622674	-0.42707884
0.5927655	0.60964006	-0.6828335	0.51161134	0.55207896	-0.6043914	-0.70954007	0.5829353
0.034561582	0.0771519	-0.08008692	0.013742113	0.028094353	-0.03988852	-0.04899295	0.016831342
-0.3087284	-0.27373356	0.25425076	-0.23675492	-0.298747	0.2927164	0.38263538	-0.27470878
-0.45812365	-0.35537934	0.43223646	-0.37154782	-0.39758265	0.45684952	0.42211336	-0.39934212
-0.40211222	-0.42892972	0.34659573	-0.39259395	-0.30497965	0.41412413	0.46552923	-0.3487762
0.62861973	0.60652167	-0.6680805	0.6273809	0.58213115	-0.6072858	-0.73317325	0.56674695
-0.27864054	-0.2543184	0.21114847	-0.24928951	-0.22930402	0.30177274	0.24806409	-0.29484332
-0.36635444	-0.45130554	0.4519001	-0.31890208	-0.3497255	0.42407817	0.50113845	-0.31893292
-0.33678403	-0.39164793	0.37393734	-0.30181316	-0.33683786	0.38142994	0.4531142	-0.2956331
-0.40143484	-0.36389476	0.31394356	-0.30491513	-0.29543024	0.4167028	0.43410057	-0.30282354
-0.32986102	-0.35451162	0.41781905	-0.38330182	-0.36167997	0.36346865	0.45003065	-0.30670336
-0.23835166	-0.23221228	0.27012438	-0.1870645	-0.25038218	0.1983682	0.2498825	-0.2510684
-0.5500063	-0.6203857	0.54774225	-0.48136202	-0.54311514	0.56641686	0.773444	-0.51112527
0.40773654	0.3459876	-0.37912723	0.32114804	0.29792967	-0.3429463	-0.415226	0.34014782
-0.18737563	-0.17637531	0.19936067	-0.14314598	-0.14904702	0.15544134	0.17646842	-0.1883324
-0.2661428	-0.24368095	0.28584632	-0.28356907	-0.2781282	0.2678334	0.32324815	-0.29299152
-0.48286983	-0.5364352	0.5448329	-0.47333476	-0.45434606	0.5805414	0.6443443	-0.44460183
-0.18517832	-0.23772088	0.18329448	-0.23207203	-0.23217128	0.19665094	0.23981336	-0.19845003
0.59624654	0.6312993	-0.61348295	0.54966664	0.52699745	-0.6210929	-0.63576233	0.58445626
-0.15111493	-0.1474475	0.07568222	-0.1316665	-0.15497914	0.1255613	0.11687211	-0.12790014
-0.097703636	-0.0539071	0.060356013	-0.10203255	-0.120052055	0.09862994	0.11157898	-0.07927121
-0.35825604	-0.37469563	0.3288822	-0.28278756	-0.2699863	0.288574	0.36396417	-0.29998568
-0.3888409	-0.42221558	0.38518876	-0.42261234	-0.3450854	0.4546963	0.53240687	-0.37428832
-0.528804	-0.5965804	0.54709476	-0.50982803	-0.51749945	0.5881616	0.7512887	-0.51591605
-0.15038082	-0.2004801	0.21333894	-0.18663901	-0.20925915	0.21085809	0.19690457	-0.1446711
-0.05802173	-0.062851965	0.13520285	-0.12099762	-0.03745613	0.072734304	0.106760114	-0.032669116
-0.057018723	-0.08047297	0.09165924	-0.06771585	-0.08675766	0.0071388045	0.001232024	-0.105491936
-0.54218245	-0.53270626	0.51866424	-0.40637726	-0.46787947	0.5014205	0.6520848	-0.40029812
-0.49475166	-0.4706997	0.41734028	-0.47039086	-0.46568757	0.5040058	0.5792322	-0.47100368
-0.30536562	-0.27073365	0.27187392	-0.24704894	-0.21605447	0.24139291	0.34444317	-0.19163026
0.031870745	0.041905366	-0.034495685	0.03095041	0.022398137	-0.039815806	-0.12176851	0.044205315
-0.14052996	-0.049325492	0.10139318	-0.10916948	-0.08730275	0.12838428	0.10604625	-0.076191366
0.007358511	0.021895176	-0.08922744	0.024534838	-0.008571748	-0.006215664	-0.0877766	0.019271042
-0.2612823	-0.23532549	0.2442166	-0.23394266	-0.21473804	0.28433567	0.26695782	-0.26031077
0.1318821	0.1175164	-0.13482867	0.07937885	0.06921854	-0.1922216	-0.1960108	0.08926897
-0.0137165645	0.0021820753	0.021442749	-0.009423283	-0.08909156	0.046532247	0.00057091087	-0.028166668
-0.2600877	-0.27410513	0.28163016	-0.26573318	-0.2743796	0.279262	0.23983367	-0.2681387
-0.46873912	-0.41162148	0.41514516	-0.39827707	-0.41107637	0.4393807	0.44373888	-0.46250188
-0.607793	-0.52751005	0.6079318	-0.5313203	-0.56961286	0.65354055	0.70214254	-0.5705325
0.26270124	0.19428591	-0.19203967	0.22450548	0.17855911	-0.23972215	-0.21526724	0.20240378
-0.03119595	-0.064337	0.031752773	-0.045605823	0.018052207	0.07817248	0.064262144	-0.028108343
-0.1285235	-0.09238415	0.1628163	-0.09763475	-0.15896367	0.17449981	0.09554834	-0.18300049
-0.2103964	-0.16132158	0.14496595	-0.14759833	-0.16779895	0.16154836	0.18592016	-0.19472587
-0.06419215	-0.1052986	0.023339385	-0.0828007	-0.043701623	0.03584411	0.02047624	-0.085693054
-0.09255907	-0.058819707	0.054643553	-0.033400193	-0.08390777	0.09819849	0.067833684	-0.037748374
-0.37101793	-0.3820973	0.32157734	-0.32242516	-0.269208	0.33421573	0.36409226	-0.3895971
-0.59137243	-0.5455384	0.55127543	-0.57153964	-0.5124494	0.6047287	0.62481123	-0.48332816
-0.46574834	-0.397441	0.5042613	-0.46533883	-0.4806006	0.47080508	0.42294446	-0.4443547
-0.39501086	-0.47798693	0.4782397	-0.3865199	-0.3992079	0.4796157	0.55927724	-0.43066567
0.18610248	0.17992549	-0.22474696	0.16995846	0.18487398	-0.18930988	-0.24101909	0.19941197
0.17160158	0.18619198	-0.22423339	0.1283358	0.1725876	-0.20178355	-0.18587019	0.100841954
0.11584796	0.19134498	-0.16140161	0.0795288	0.06937292	-0.10238634	-0.16885123	0.12938778
-0.4203162	-0.46258903	0.44058838	-0.40116343	-0.42744726	0.45853773	0.55798274	-0.4484259
-0.62379074	-0.5491581	0.6481689	-0.49925965	-0.5360272	0.58290035	0.7103666	-0.5831231
0.71876264	0.85009193	-0.76013863	0.6694813	0.7064865	-0.8108576	-0.92270505	0.7536924
-0.25252098	-0.27298272	0.27956924	-0.29833442	-0.23761488	0.31723857	0.289054	-0.2517498
-0.4046469	-0.38316357	0.35733354	-0.38451278	-0.34025285	0.35631886	0.45963168	-0.4088809
-0.022719584	0.043419905	0.0334378	-0.042988256	0.0015197219	-0.030981543	-0.035058513	-0.053109597
-0.28230274	-0.31843027	0.288303	-0.30300793	-0.3026861	0.31987235	0.36414745	-0.2597802
-0.19527099	-0.17168874	0.15700491	-0.14460154	-0.21655537	0.21978438	0.25181332	-0.23972814
0.4320577	0.40295	-0.42382988	0.34288305	0.36347684	-0.42149025	-0.48884705	0.40951985
-0.051374204	-0.072414726	0.07837387	-0.008001592	-0.039406158	-0.006533323	0.019764641	-0.07821583
-0.027837632	0.036840808	0.025018403	-0.024031496	-0.037171453	0.027988428	0.020835899	0.004705773
-0.26331717	-0.20182587	0.21797143	-0.24537377	-0.2101022	0.2559164	0.32546952	-0.19035392
-0.58679616	-0.5686227	0.58808273	-0.5825849	-0.48651344	0.5401625	0.64697784	-0.5425445
-0.20109922	-0.19465598	0.17857483	-0.21378668	-0.13508064	0.22550473	0.16338855	-0.1704808
0.8239505	0.8464103	-0.8495536	0.7315215	0.7812209	-0.8759286	-1.0453786	0.76389897
-0.65440536	-0.6159981	0.68039113	-0.5811728	-0.61065614	0.7101496	0.80267125	-0.60043764
0.15686056	0.17112027	-0.08512811	0.103889786	0.1152755	-0.11617477	-0.1651501	0.12890267
-0.5284579	-0.44118038	0.46970457	-0.40144092	-0.4269784	0.4831162	0.54605466	-0.40590763
-0.20983219	-0.24752152	0.19437486	-0.21510044	-0.24716346	0.28697193	0.27210727	-0.21622314
-0.2919615	-0.2637063	0.26472658	-0.26417798	-0.272319	0.31203312	0.30064598	-0.2143673
-0.16789082	-0.12766686	0.12199009	-0.18406017	-0.114719436	0.13489835	0.23441005	-0.17503208
0.13604476	0.21844622	-0.11828068	0.068284445	0.14040527	-0.2043743	-0.22113498	0.15027297
-0.4456616	-0.4841365	0.4682777	-0.40246242	-0.41089568	0.49308547	0.61026734	-0.35302356
-0.1830246	-0.1923877	0.19145142	-0.14225547	-0.17321792	0.1408518	0.19257352	-0.19675095
-0.26291737	-0.19482268	0.2018999	-0.18844448	-0.19777204	0.24352355	0.24318184	-0.20189904
-0.29863614	-0.25074655	0.23281983	-0.2514427	-0.2884826	0.26022077	0.22024351	-0.2516978
0.30016446	0.3755479	-0.3382942	0.3201637	0.25017303	-0.31371266	-0.37528652	0.2685959
0.40393943	0.5088021	-0.45652512	0.35897216	0.37725	-0.4871463	-0.5095492	0.454671
-0.07986529	-0.07407248	0.047716454	-0.031724837	-0.0818404	0.032933384	0.15069221	-0.052408256
-0.18257031	-0.22955477	0.19177721	-0.25806516	-0.18807115	0.22487149	0.23115315	-0.18624164
-0.4132746	-0.38498458	0.3506834	-0.37785017	-0.30810285	0.36261123	0.5494898	-0.31154954
0.23949212	0.24971782	-0.27384672	0.25975809	0.1700242	-0.26815364	-0.31803283	0.2601634
0.24135996	0.22221212	-0.24736974	0.22481397	0.20122465	-0.24384306	-0.3137899	0.2078457
-0.008775524	0.06767182	-0.054932777	-0.021607582	0.038362302	-0.08418937	-0.042092085	-0.01955737
-0.21995968	-0.24897428	0.28524595	-0.25322676	-0.2429365	0.23645552	0.3287585	-0.21899506
-0.22426507	-0.25583446	0.2789647	-0.22293407	-0.20456252	0.20677999	0.27997297	-0.18120961
-0.6361066	-0.6389205	0.64196223	-0.5736969	-0.4792869	0.6500991	0.7522871	-0.53112715
-0.10933807	-0.1255302	0.14867517	-0.09329698	-0.096229285	0.15414123	0.1802101	-0.18518473
-0.44860297	-0.36048052	0.38845477	-0.32632387	-0.34817794	0.41874948	0.44163856	-0.32812017
-0.40950176	-0.4098627	0.4020226	-0.33329958	-0.38245037	0.4354693	0.4639903	-0.34953237
-0.5346172	-0.50801075	0.5668787	-0.5351701	-0.5080896	0.53197813	0.71077204	-0.50376976
0.083841845	0.19118951	-0.13903911	0.15440428	0.081773534	-0.16849692	-0.19454038	0.15632404
-0.21802072	-0.18316494	0.15801726	-0.18540446	-0.13638037	0.19172397	0.25479063	-0.19788681
-0.30171672	-0.27942973	0.33753824	-0.24825077	-0.2951432	0.3045654	0.35994935	-0.24530064
0.06750672	0.087405615	-0.12560964	0.052805904	0.08306982	-0.054196272	-0.08975661	0.10135357
-0.1714715	-0.11836394	0.16084984	-0.13652988	-0.12956291	0.19359677	0.094427675	-0.19496208
-0.006643306	0.017003698	-0.047333457	0.017111963	0.02209013	0.017741866	-0.07581722	-0.0005958971
-0.29786718	-0.31923994	0.33843896	-0.2403481	-0.20514101	0.33429262	0.31323487	-0.25333124
-0.35256934	-0.26132292	0.3719824	-0.32365865	-0.27759376	0.29925793	0.3639902	-0.32677358
-0.57534343	-0.48992464	0.57443494	-0.53802013	-0.47842005	0.5970507	0.6631946	-0.4624528
-0.27825743	-0.30532497	0.30082574	-0.3025652	-0.21525575	0.23125532	0.37789994	-0.30208877
-0.32417586	-0.29565412	0.33244163	-0.25268742	-0.34492534	0.3168881	0.3379339	-0.2970895
-0.3771685	-0.29605156	0.29754362	-0.32658175	-0.32512087	0.3515218	0.42254105	-0.26734287
0.07571777	0.051397007	-0.06691546	0.008850484	0.0059704515	-0.028235344	-0.061433896	0.025781978
-0.060966074	0.037381586	0.06735444	-0.058952834	-0.0016582718	0.003212812	-0.009338002	-0.02156177
-0.3224274	-0.35016763	0.3599854	-0.32838738	-0.31640896	0.34262684	0.4138176	-0.27731034
-0.034244265	0.004939151	0.027525326	-0.035211794	0.008750149	-0.017250797	-0.008573863	0.035626043
-0.072535016	-0.023901552	0.027757779	-0.030457519	-0.022979977	0.009407891	0.116715625	-0.037463807
-0.55870616	-0.5289475	0.5468785	-0.49197817	-0.4966588	0.51228577	0.668002	-0.48076853
-0.04036665	-0.07182964	0.049914002	-0.07870783	-0.08578042	-0.015372871	0.04850935	-0.05569615
-0.027307782	0.00029100117	-0.019946143	-0.03294333	-0.050847802	-0.013721159	-0.045419864	-0.05257702
-0.29118255	-0.30035403	0.28754652	-0.32018232	-0.27541253	0.34026015	0.32189813	-0.3214578
-0.3496398	-0.42433384	0.40547743	-0.3581923	-0.38959906	0.42532086	0.4411929	-0.3422053
-0.32373944	-0.29113716	0.30535913	-0.3248359	-0.29926983	0.26390257	0.32879815	-0.31791484
-0.3869566	-0.3714328	0.4415845	-0.3954016	-0.39743683	0.4415602	0.4614019	-0.39496198
-0.58654755	-0.54734755	0.6283722	-0.49364042	-0.5342319	0.6151784	0.69571584	-0.53783625
-0.48036844	-0.47450095	0.42573538	-0.42540008	-0.36947885	0.4865396	0.5385336	-0.39741087
-0.19747071	-0.14464852	0.20382255	-0.21210676	-0.21799543	0.17181325	0.13139123	-0.12953345
-0.19045785	-0.24505754	0.22856289	-0.17263646	-0.15564507	0.17430605	0.22632052	-0.1764813
-0.5745574	-0.50560343	0.5195762	-0.5381802	-0.4860055	0.53486186	0.6228651	-0.57748336
0.14225909	0.20902437	-0.20973885	0.20467135	0.23728779	-0.1407411	-0.2409067	0.15384808
-0.05751387	0.026946701	0.009015331	-0.059172288	-0.037656225	0.060799863	0.07496321	-0.037572723
-0.4368795	-0.47403437	0.46172154	-0.371927	-0.43159956	0.5017951	0.55817646	-0.3949075
-0.25957176	-0.24187355	0.21716157	-0.20539464	-0.15879253	0.2257333	0.1978827	-0.23208036
-0.15886544	-0.12666221	0.14349675	-0.17186923	-0.09458896	0.09948038	0.07053384	-0.120315865
-0.26474535	-0.22086404	0.22382021	-0.28372443	-0.2177915	0.2539404	0.21053411	-0.30734575
-0.3198124	-0.27766833	0.26748207	-0.29565784	-0.3270427	0.37207144	0.33714658	-0.3192575
-0.5875163	-0.4848002	0.54696596	-0.51194185	-0.43469352	0.53758	0.64056134	-0.5139798
-0.5569452	-0.5257538	0.5062106	-0.53362244	-0.48453072	0.5658142	0.69463456	-0.46467897
-0.08896825	-0.1438001	0.16986798	-0.08978833	-0.07950909	0.15641728	0.20361003	-0.08876766
0.071342	0.026752098	-0.014588043	0.05003325	0.021428091	-0.008642359	-0.0034213616	0.04183745
-0.11275077	-0.04376967	0.13384075	-0.11361915	-0.105887674	0.043658774	0.11269738	-0.028799599
-0.57769233	-0.50981396	0.5226951	-0.4792736	-0.4326224	0.55979955	0.68146193	-0.45595568
-0.5596276	-0.5854413	0.5060724	-0.50750357	-0.4632439	0.5556752	0.6939211	-0.57447666
0.040246546	0.07752956	-0.0885081	0.070631415	0.01753036	-0.04000017	-0.07048518	0.018903626
-0.10549971	-0.19116655	0.19817108	-0.15579495	-0.15430838	0.11911261	0.18188842	-0.1798983
-0.21971098	-0.21558711	0.1913444	-0.15570696	-0.21748222	0.21121408	0.2721925	-0.18413515
-0.058892615	0.006710241	0.05027404	0.023813492	0.02849092	0.025107495	0.04531224	0.011284946
-0.59331524	-0.5548058	0.6335696	-0.5434154	-0.4900618	0.5477663	0.61774445	-0.518359
-0.07347902	-0.015722899	0.08017274	-0.07827759	-0.05063406	0.062112074	0.07578772	-0.053675056
-0.023885673	-0.0097769955	-0.01924736	0.032702103	0.023155993	-0.06947411	0.026194675	-0.0134017505
-0.34320036	-0.3595353	0.3805663	-0.32418275	-0.2829688	0.37259462	0.51791805	-0.3361207
-0.5533109	-0.4831051	0.5114125	-0.50669825	-0.45928088	0.54877067	0.61108446	-0.4558705
-0.52072495	-0.5750711	0.58797544	-0.4847185	-0.48176217	0.5998055	0.6422873	-0.48349783
-0.18022697	-0.124891095	0.12007591	-0.17185469	-0.17835549	0.124029696	0.1987713	-0.19879764
-0.06947782	-0.111488305	0.075836144	-0.115204185	-0.08816047	0.11503004	0.085906096	-0.14379038
0.7263565	0.718365	-0.7075158	0.61327845	0.62956864	-0.6694726	-0.8113015	0.609093
0.023388866	0.025699515	-0.038322214	0.024612103	-0.00064155704	0.043922514	-0.011059375	0.015201366
-0.20423584	-0.1852612	0.19312851	-0.16871394	-0.16863656	0.24291159	0.21169634	-0.20218128
-0.3681007	-0.37086067	0.2991667	-0.39633563	-0.32887113	0.34765595	0.35361686	-0.33167312
0.10900475	0.14360264	-0.09179748	0.096815065	0.073310934	-0.1023718	-0.08924176	0.055308305
0.7477647	0.79068595	-0.745598	0.64593023	0.6367034	-0.80038524	-0.9157912	0.7355561
0.2702955	0.33427894	-0.25869015	0.19888826	0.23403132	-0.32910043	-0.29313895	0.23807174
-0.25206053	-0.26412347	0.20133987	-0.2543133	-0.22403608	0.26886284	0.30469176	-0.17051661
-0.3822184	-0.26008335	0.32721147	-0.35154632	-0.33411217	0.34498698	0.33242494	-0.3531072
-0.04104695	-0.041268453	-0.0055047777	-0.018792253	0.015412189	-0.00010912458	-0.0030065584	-0.025348501
-0.31197128	-0.36275527	0.31189775	-0.2483996	-0.25099072	0.34327424	0.40786964	-0.28866342
-0.06755196	-0.09076174	0.08011532	-0.092898615	-0.09097583	0.06210792	0.07197485	-0.010259784
-0.5060703	-0.48772997	0.5039886	-0.38700804	-0.46196035	0.52601576	0.51375854	-0.48327088
0.14339371	0.119395666	-0.11107946	0.08719922	0.122824796	-0.17457075	-0.09325077	0.15631296
-0.35895255	-0.2670753	0.3399475	-0.3041775	-0.29052958	0.30868578	0.34454572	-0.27461734
-0.016222022	-0.03322309	0.017285047	-0.019114079	-0.013552488	0.044639483	0.02426874	-0.05842635
-0.40351263	-0.35269827	0.33952913	-0.2985221	-0.31500307	0.3271842	0.43727356	-0.36173448
-0.28767297	-0.29053777	0.20707105	-0.19612955	-0.21945338	0.24046455	0.33925405	-0.26734784
-0.5439239	-0.575721	0.544987	-0.45157665	-0.51398206	0.5693183	0.6626133	-0.50841975
0.536997	0.5575707	-0.5576818	0.5195839	0.47461876	-0.5423198	-0.6631135	0.5205192
-0.014301884	-0.0047928733	0.018439824	-0.085651405	-0.038703308	-0.00047123013	0.026429933	-0.047743782
0.4226976	0.46296003	-0.4777574	0.42145526	0.36625117	-0.47441235	-0.5265438	0.4090917
0.11315834	0.15120065	-0.04882693	0.13069388	0.084472544	-0.058915697	-0.12968493	0.12244166
-0.01157826	-0.055213112	0.062300034	-0.0875962	-0.02883517	0.06957644	0.07298626	-0.0074507417
0.17257743	0.18731654	-0.19342673	0.15628006	0.103805475	-0.14071047	-0.23587857	0.100045815
-0.021352902	-0.024887344	0.047917828	-0.10608443	-0.064681076	0.05954626	0.049753368	-0.07843528
-0.32044134	-0.31952754	0.3017348	-0.2718454	-0.21016233	0.33147126	0.36895788	-0.21941406
-0.13860409	-0.10167818	0.13783255	-0.16436265	-0.18682972	0.14565615	0.092424385	-0.18384446
-0.49958256	-0.49602875	0.5398062	-0.43380997	-0.3990352	0.533005	0.59453684	-0.448105
-0.1546402	-0.08206428	0.10412698	-0.06734419	-0.12005872	0.08754621	0.035095416	-0.09538239
-0.47946057	-0.46965778	0.46429968	-0.43344918	-0.37867793	0.40620524	0.5395497	-0.44562563
-0.24559782	-0.18659209	0.21094267	-0.2229226	-0.22611389	0.21359076	0.29611585	-0.2541789
-0.037867535	-0.035134923	0.061056674	-0.06073928	-0.060552206	0.08101998	0.11067452	-0.036256563
-0.21098106	-0.23787743	0.24026564	-0.17016415	-0.23137486	0.29062867	0.33810538	-0.17447111
-0.39935327	-0.3914469	0.35164544	-0.3138869	-0.3206092	0.33766675	0.47385868	-0.40294996
-0.5501122	-0.5584259	0.56096435	-0.48929337	-0.5414652	0.56178564	0.73599505	-0.5257831
-0.50982475	-0.40380776	0.47057417	-0.45484197	-0.4251146	0.5195548	0.5386259	-0.3978881
-0.33558756	-0.2744081	0.25889483	-0.22804463	-0.26890343	0.26672494	0.31530288	-0.25866643
-0.27250335	-0.25630978	0.26960075	-0.18543252	-0.25868955	0.24155673	0.30302808	-0.25033513
-0.13206488	-0.09780669	0.06719235	-0.04778551	-0.10880157	0.06485637	0.11485298	-0.123213395
-0.40338945	-0.4332663	0.41093817	-0.3587791	-0.33189905	0.4044121	0.48258445	-0.34618545
-0.49977776	-0.524242	0.4752431	-0.47316214	-0.46387014	0.48586005	0.5917515	-0.49972305
-0.5081955	-0.49206388	0.5526872	-0.46611944	-0.47369936	0.5677563	0.5414833	-0.44022587
-0.5937084	-0.44260904	0.59024787	-0.5099683	-0.46908215	0.5637607	0.6332479	-0.44471204
-0.47849926	-0.541697	0.50871986	-0.49298745	-0.41569126	0.57494235	0.5599313	-0.47278172
-0.18962312	-0.10858076	0.12346778	-0.09459756	-0.13981877	0.12410125	0.1508217	-0.15952137
-0.0667774	-0.027114175	0.11790205	-0.11584869	-0.045949332	0.12711069	0.06604106	-0.059774574
-0.11250455	-0.1653057	0.102839634	-0.09595058	-0.09206099	0.09425173	0.13086191	-0.09511589
-0.18290026	-0.20503408	0.18616708	-0.21580698	-0.17242214	0.25569806	0.24125727	-0.2214049
-0.4499731	-0.42097053	0.4101375	-0.32496136	-0.32646197	0.43970716	0.44941574	-0.40283746
-0.4730269	-0.50849664	0.5421754	-0.45966715	-0.41065094	0.5183614	0.6855271	-0.42688498
-0.2263443	-0.18345918	0.14362176	-0.20458622	-0.16722968	0.16584308	0.22927696	-0.14979957
0.17988865	0.14683558	-0.21088225	0.17681293	0.131273	-0.15265231	-0.24397448	0.15653075
0.34057748	0.37085348	-0.3284903	0.30716187	0.25595912	-0.29745746	-0.36110035	0.2730467
-0.10028813	-0.0041959747	-0.0037406043	-0.043522805	-0.072168045	0.06426951	0.037026286	0.0023512687
-0.10898912	-0.12427995	0.1372439	-0.18867838	-0.10061541	0.10787169	0.13550517	-0.19485074
-0.08819751	-0.14162537	0.10466212	-0.08614743	-0.038385864	0.1429686	0.11545266	-0.055212405
-0.36743286	-0.31607282	0.38012314	-0.30615896	-0.3330022	0.3673744	0.42261535	-0.30642554
-0.44188932	-0.4708023	0.41348973	-0.37004906	-0.3523559	0.45609406	0.5260717	-0.46261454
-0.49896774	-0.58491325	0.5622066	-0.45481148	-0.45154634	0.5878794	0.6861775	-0.51338416
-0.12906078	-0.13709669	0.16404401	-0.13911937	-0.12711975	0.15757748	0.15186766	-0.16940787
-0.16465709	-0.1920908	0.10828051	-0.09524627	-0.15653172	0.14676458	0.16131578	-0.124965556
-0.14100593	-0.19410668	0.16632985	-0.19513845	-0.20233174	0.21504444	0.23026596	-0.22365305
-0.13367404	-0.17956464	0.21326816	-0.19032513	-0.12048594	0.21282889	0.2077452	-0.13909705
-0.38119155	-0.46220443	0.45664442	-0.41972715	-0.34790173	0.42064267	0.49353236	-0.368341
-0.32561857	-0.24005319	0.29368407	-0.28957784	-0.27449283	0.3143121	0.3439201	-0.27802613
-0.5482659	-0.45261857	0.4554356	-0.43034056	-0.4125379	0.46335414	0.5609057	-0.4049106
-0.31033233	-0.32224798	0.29661182	-0.26901227	-0.28231862	0.29542837	0.35566315	-0.30983657
-0.33383712	-0.34278175	0.2959412	-0.2386156	-0.26682344	0.3051706	0.33094466	-0.2810094
-0.18324685	-0.23327789	0.26252675	-0.24495412	-0.21048757	0.18326741	0.19035433	-0.24569705
-0.024801698	-0.07983648	0.0064754174	-0.020569177	-0.07953195	0.053778894	0.03927313	-0.044268172
-0.37984055	-0.24780335	0.3985216	-0.24912383	-0.3262328	0.3299816	0.37734082	-0.2636981
-0.53239715	-0.4603876	0.37916708	-0.39909327	-0.42219302	0.4462988	0.5524214	-0.44530052
-0.51492333	-0.55612284	0.53735447	-0.42265648	-0.43148908	0.50470525	0.7011003	-0.4194815
0.05134599	0.102781355	-0.049211416	0.011301489	0.07640117	-0.08417734	-0.12274995	0.07243118
0.20080023	0.16824098	-0.21764284	0.115738995	0.18727048	-0.16420595	-0.23732772	0.16957784
-0.07741042	-0.084715016	0.01323678	-0.08623835	-0.093471654	0.012556899	0.050361104	-0.06591231
-0.34582484	-0.30220807	0.35809118	-0.30423757	-0.27113676	0.29834545	0.46245727	-0.2555757
-0.2039406	-0.22780326	0.15025984	-0.14856532	-0.14035077	0.22992979	0.24431978	-0.14243741
-0.51271045	-0.50877345	0.55387056	-0.43476525	-0.43171266	0.5333572	0.6781311	-0.42776757
-0.5032435	-0.43219927	0.43844295	-0.43628803	-0.41981313	0.45150533	0.53239655	-0.46518973
-0.5613154	-0.5572189	0.5598402	-0.4825175	-0.4349155	0.5297985	0.641705	-0.47367346
-0.56335837	-0.51163334	0.50135356	-0.48340046	-0.45265898	0.48719183	0.7066191	-0.47464362
-0.51725817	-0.49853152	0.5679723	-0.42247078	-0.4801162	0.52555144	0.62603825	-0.48317218
-0.4457833	-0.4802249	0.46488252	-0.409678	-0.3489498	0.5057939	0.6264251	-0.40857595
0.3714247	0.4671466	-0.38035274	0.3883119	0.3591834	-0.43312222	-0.43758532	0.3553533
-0.2207691	-0.25360245	0.24310167	-0.20227778	-0.1547335	0.19371715	0.3065846	-0.21753894
-0.2973684	-0.25132218	0.21058254	-0.20666786	-0.18219268	0.2273413	0.28599897	-0.290949
-0.2865185	-0.2770095	0.26012346	-0.24966012	-0.1968459	0.27755085	0.26868924	-0.23133186
-0.3039992	-0.34744912	0.26323393	-0.3270749	-0.30141422	0.36540174	0.3818456	-0.33909377
-0.53047186	-0.52314705	0.508047	-0.46973598	-0.40539393	0.51482755	0.5135345	-0.4438289
-0.52148557	-0.49382958	0.46976882	-0.41028702	-0.41956976	0.49816096	0.6409472	-0.39744574
-0.45137328	-0.37062922	0.4256998	-0.42282024	-0.3783603	0.43921778	0.5050248	-0.3488834
-0.4993228	-0.40751565	0.5226124	-0.45423323	-0.39381483	0.5020341	0.5632099	-0.48671514
0.51116335	0.4930687	-0.55809754	0.514058	0.427498	-0.47486866	-0.61233944	0.5102355
-0.105009206	-0.07097135	0.100163974	-0.10967629	-0.07457159	0.047549084	0.05715961	-0.11116136
-0.11015899	-0.17928232	0.17045426	-0.17420503	-0.13324836	0.11080745	0.12598093	-0.09209166
0.04460766	0.042997297	-0.11082689	0.096792854	0.052128594	-0.08416695	-0.11610614	0.05418587
-0.563663	-0.5512806	0.51090103	-0.5224673	-0.5104193	0.56045467	0.6864304	-0.48543218
